Age_Group,Avg_Burnout_Score,PCT_High,PCT_Medium,PCT_Low,Total_Count
20,2.0631,32.07207,42.16216,25.76577,555
30,2.1535,36.72884,41.89383,21.37733,697
40,2.0677,31.12314,44.51962,24.35724,739
50,2.0684,31.46375,43.91245,24.6238,731
60,2.1356,34.94253,43.67816,21.37931,435
